package,name,composable,skippable,restartable,readonly,inline,isLambda,hasDefaults,defaultsGroup,groups,calls,
com.sangrok.presentation.common.compose.ErrorScreen,ErrorScreen,1,1,1,0,0,0,0,0,1,1,
com.sangrok.presentation.common.compose.LoadingIndicator,LoadingIndicator,1,1,1,0,0,0,0,0,1,1,
com.sangrok.presentation.common.compose.NoItemScreen,NoItemScreen,1,1,1,0,0,0,0,0,1,1,
com.sangrok.presentation.common.compose.Spacer,Spacer,1,1,1,0,0,0,0,0,1,1,
com.sangrok.presentation.common.compose.Spacer,Spacer,1,1,1,0,0,0,0,0,1,1,
com.sangrok.presentation.common.compose.EllipsisText,EllipsisText,1,1,1,0,0,0,1,0,2,2,
com.sangrok.presentation.common.compose.ToggleIcon,ToggleIcon,1,1,1,0,0,0,1,0,2,5,
com.sangrok.presentation.common.compose.TitleTopAppBar,TitleTopAppBar,1,1,1,0,0,0,0,0,1,1,
com.sangrok.presentation.common.compose.TopAppBar,TopAppBar,1,1,1,0,0,0,0,0,1,1,
com.sangrok.presentation.common.compose.ContentOrSpacer,ContentOrSpacer,1,1,1,0,0,0,0,0,3,2,
com.sangrok.presentation.feature.home.component.TrackContent,TrackContent,1,1,1,0,0,0,0,0,1,0,
com.sangrok.presentation.feature.home.component.Thumbnail,Thumbnail,1,0,1,0,0,0,0,0,1,1,
com.sangrok.presentation.feature.home.component.Information,Information,1,1,1,0,0,0,0,0,1,1,
com.sangrok.presentation.feature.home.favorite.FavoriteScreen,FavoriteScreen,1,0,1,0,0,0,0,0,1,2,
com.sangrok.presentation.feature.home.favorite.FavoriteTrackContent,FavoriteTrackContent,1,1,1,0,0,0,0,0,1,2,
com.sangrok.presentation.feature.home.navigation.HomeBottomNavigation,HomeBottomNavigation,1,1,1,0,0,0,0,0,1,1,
com.sangrok.presentation.feature.home.navigation.colorFor,colorFor,1,0,0,0,0,0,0,0,1,1,
com.sangrok.presentation.feature.home.navigation.rememberHomeBottomNavigationIcons,rememberHomeBottomNavigationIcons,1,0,0,0,0,0,0,0,1,1,
com.sangrok.presentation.feature.home.search.SearchTrackContent,SearchTrackContent,1,1,1,0,0,0,1,0,2,1,
com.sangrok.presentation.feature.home.search.SearchScreen,SearchScreen,1,0,1,0,0,0,0,0,1,1,
com.sangrok.presentation.feature.home.search.PagingStateHandler,PagingStateHandler,1,0,1,0,0,0,0,0,1,1,
com.sangrok.presentation.theme.WatchaTheme,WatchaTheme,1,1,1,0,0,0,0,0,1,1,
